dizi_ad,turu,dakika,sezonsayisi,reyting_ort,yil,bolumsayisi
Sefirin Kizi,Action,150,2,6.4,2019,52
Ilk Ve Son,Drama,60,2,8.1,2021,9
Vatanim Sensin,Drama,120,2,8.4,2016,59
Kirmizi Oda,Drama,120,2,7.6,2020,61
Kardeslerim,Drama,120,2,7.2,2021,48
Bay Yanlis,Comedy,130,1,7,2020,14
Dolunay,Comedy,120,1,7.2,2017,26
Sol Yanim,Drama,120,1,7.9,2020,12
Halka,Action,120,1,9.2,2019,19
Hekimoglu,Comedy,120,2,7.4,2019,51
Marasli,Drama,120,1,8.2,2021,26
Behzatc.: Bir Ankara Polisiyesi,Crime,90,4,8.9,2010,105
Aski memnu,Action,140,2,9.3,2009,79
Karadayi,Action,120,3,8.8,2012,115
Sifir Bir,Action,45,6,8.2,2016,43
Kaderimin Oyunu,Drama,120,1,6.1,2021,18
Poyraz Karayel,Adventure,123,3,8.3,2015,82
Ramo,Action,120,2,7.4,2020,40
Afili Ask,Comedy,120,1,6.7,2019,38
Yeni Hayat,Drama,120,1,7.3,2020,18
Avlu,Crime,120,3,7.3,2018,54
Tatli kucuk Yalancilar,Drama,120,1,6,2015,13
Emanet,Action,60,2,8.3,2020,60
Anne,Drama,120,1,7,2016,33
Aynen Aynen,Comedy,8,7,7.5,2019,45
Fatmagulun sucu Ne?,Drama,90,2,6,2010,80
Aziz,Drama,120,1,7,2021,21
Elimi birakma,Drama,120,2,7.3,2018,59
Fatma,Crime,40,2,7.4,2021,7
Kuzgun,Action,120,2,8.2,2019,21
oyle bir gecer Zaman ki,Drama,120,3,6.9,2010,120
Saygi,Crime,60,2,7.6,2020,16
Hayaller Ve Hayatlar,Comedy,45,1,8,2022,18
Yesil adam,Drama,60,2,7.9,2021,20
Fi,Drama,60,2,7.8,2017,22
Yarim Kalan Asklar,Drama,60,1,7.8,2020,8
Sakli,Drama,,1,5.6,2021,10
kardan adam,Drama,140,2,6.7,2016,31
Her Yerde Sen,Comedy,120,1,7.3,2019,23
50M2,Comedy,45,1,6.9,2021,8
Ask Aglatir,Drama,120,1,5.6,2019,16
Camdaki Kiz,Drama,120,2,5.7,2021,40
Ayak Isleri,Action,,2,8.1,2021,20
Yer Gok Ask,Romance,90,3,4.2,2010,122
calikusu,Drama,120,1,7.5,2013,72
günesin Kizlari,Comedy,120,1,6.1,2015,39
Zemheri,Drama,120,1,7.2,2020,10
Baba,Drama,120,1,7,2022,10
Sen Anlat Karadeniz,Drama,150,3,6.1,2018,64
Bizden Olur Mu,Comedy,15,1,6,2022,10
O Hayat Benim,Drama,140,4,5.2,2014,131
Ufak Tefek Cinayetler,Action,120,2,7.3,2017,45
Avrupa Yakasi,Comedy,60,6,8.6,2004,190
Eskiya Dunyaya Hukumdar Olmaz,Action,120,6,8.9,2015,199
No: 309,Comedy,,2,4.9,2016,65
Alev Alev,Drama,120,1,7.1,2020,28
Siyah Inci,Drama,120,1,5.8,2017,20
Evlilik Hakkinda Her Sey,Drama,120,1,6.8,2021,28
Medcezir,Comedy,100,2,7.2,2013,77
Cesur Ve Guzel,Crime,120,1,7.4,2016,32
Yaprak Dokumu,Drama,90,5,5.6,2006,174
Bodrum Masali,Drama,120,1,6.1,2016,42
Bozkir,Crime,50,2,8,2018,18
Kalp Atisi,Drama,120,1,6.9,2017,28
cocuk,Drama,120,1,6.2,2019,18
Ariza,Action,120,1,6.6,2020,30
Meryem,Drama,,1,6.8,2017,30
Babil,Drama,120,2,7.2,2020,20
Azize,Drama,120,1,7.1,2019,6
ogretmen,Crime,120,2,7.8,2020,9
Sokagincocuklari,Action,40,4,6.8,2020,34
