oyunad,oyuntarz,yil,oynanma_oran
Tepedeki Savaş,Aksiyon,2021,61
Viking Ruhu,Korku,2022,
Dinozor Avı,Korku,2002,47
Deniz Altı,Strateji,2008,56
Savaşçıların Çağı,Bilim-Kurgu,2016,
Yıldızların Ötesinde,Bilim-Kurgu,2020,52
Gizemli Diyar,Simülasyon,2003,64
Efsanevi Savaş,Bilim-Kurgu,2002,59
Düşler Ülkesi,Aksiyon,2001,23
Krallık Savaşı,Korku,2020,39
Altın Avcısı,Strateji,2007,25
Buz Devri,RPG,2012,
Büyülü Diyar,Macera,2006,
Dinozor Avı,Aksiyon,2005,
Ejderha Avı,Bilim-Kurgu,2016,
Fırtına Korucusu,Bilim-Kurgu,2007,
Tepedeki Savaş,Macera,2019,
Düşler Ülkesi,Bilim-Kurgu,2010,
Doğa Kaşifi,Aksiyon,2002,
Ruh Avcısı,Korku,2002,
Gölgeler Arasında,Macera,2000,
Hayalet Avcısı,Simülasyon,2016,
Düşler Ülkesi,Macera,2005,
Doğa Kaşifi,Korku,2001,82
Gizemli Diyar,Macera,2001,63
Zirvedeki Oyuncu,Simülasyon,2020,51
Fırtına Kuşları,Strateji,2003,
Şehrin Gölgeleri,Hikaye,2006,66
Ruh Avcısı,Aksiyon,2023,62
Zirvedeki Oyuncu,RPG,2015,35
Büyücünün Gücü,Hikaye,2023,64
Karanlık Orman,Korku,2004,73
Ejderha Avı,Bilim-Kurgu,2010,59
Ölümsüz Savaşçı,Korku,2021,68
Krallık Savaşı,Bilim-Kurgu,2005,40
Deniz Altı,Hikaye,2005,
Uzay Yolculuğu,Macera,2015,53
Düşler Ülkesi,Hikaye,2015,25
Deniz Korsanları,Bilim-Kurgu,2017,72
Düşler Ülkesi,Macera,2017,42
Rüyalar Diyarı,Hikaye,2018,69
Gölgeler Arasında,Korku,2011,44
Efsanevi Savaş,Macera,2011,63
Kaybolmuş Şehir,Bilim-Kurgu,2007,74
Şehir Kurucu,Bilim-Kurgu,2015,45
Macera Yolu,Korku,2006,52
Yağmur Ormanları,Hikaye,2007,75
Buz Devri,Simülasyon,2020,89
Galaksinin Savaşçısı,Simülasyon,2011,82
Ruh Avcısı,Hikaye,2009,78
