s.no,Ad,InstagramAd,Takipci,"
Ulke",Gerceketkilesim,Ortetkilesim,Category
1,cristiano,Cristiano Ronaldo,483.1,Portekiz,4,5,Sports with a ball
2,kyliejenner,Kylie Jenner,370,United States,10,11,Fashion
3,leomessi,Leo Messi,357.8,Indonesia,3,3.3,Sports with a ball
4,arianagrande,Ariana Grande,331.6,United States,3,4,Music
5,zendaya,Zendaya,152.2,United States,5,7,Cinema & Actors/actresses
6,virat.kohli,Virat Kohli,215,India,4,4,Sports with a ball
7,selenagomez,Selena Gomez,347.6,United States,1,3,Music
9,lalalalisa_m,LISA,82.5,Indonesia,6,7,Music
10,taylorswift,Taylor Swift,224.9,Brazil,2,3.4,Music
11,beyonce,Beyonce,275.7,United States,2,3,Music
12,billieeilish,BILLIE EILISH,106.3,United States,4,5,Music
13,justinbieber,Justin Bieber,258.2,Brazil,2,2.6,Music
14,neymarjr,NJ Neymar,178.7,Brazil,2,3,Sports with a ball
15,kendalljenner,Kendall,258.2,United States,1,2,Modeling
16,jin,Jin of BTS,40,United States,7.6,9,Music
17,karolg,KAROL G,56.2,Mexico,5,6,Music
18,uarmyhope,jhope,39,South Korea,7,8,Art/Artists
19,khaby00,Khaby Lame,79.8,India,3,4,Sports with a ball
20,iamcardib,Cardi B,140.8,United States,1,2,Music
21,kimkardashian,Kim Kardashian,330.3,United States,1,2,Fashion
22,milliebobbybrown,Millie Bobby Brown,58.5,Brazil,3,4,Cinema & Actors/actresses
23,jlo,Jennifer Lopez,221.6,United States,1,1,Music
24,zayn,Zayn Malik,46.9,India,3,4,Music
25,narendramodi,Narendra Modi,69.9,India,1,2,Finance & Economics
26,khloekardashian,KhloeKardashian,272,United States,1,1,Clothing & Outfits
27,dualipa,DUA LIPA,87,United States,1,2,Music
28,katrinakaif,Katrina Kaif,67.3,India,1,2,Beauty
29,nasa,NASA,82.9,India,1,1,Science
30,k.mbappe,Kylian Mbappe,72.6,France,2,3,Sports with a ball
31,adele,Adele,50.9,United States,1,2,Music
32,realmadrid,Real Madrid C.F.,125,Spain,2,3,Sports with a ball
33,oliviarodrigo,Olivia Rodrigo,35,India,2,3,Music
34,blakelively,Blake Lively,35.2,United States,1,3,Cinema & Actors/actresses
35,nickiminaj,Barbie,200.9,United States,2,3,Music
36,handemiyy,Hande Ercel,25,Turkey,2,3,Cinema & Actors/actresses
37,fcbarcelona,FC Barcelona,112,Indonesia,1,1,Sports with a ball
38,willsmith,Will Smith,63.5,United States,1,1,Cinema & Actors/actresses
39,johnnydepp,Johnny Depp,25,India,1,2,Cinema & Actors/actresses
40,dovecameron,DOVE,48.3,United States,1,2,Cinema & Actors/actresses
41,beingsalmankhan,Salman Khan,54.3,India,1,2,Cinema & Actors/actresses
42,karimbenzema,Karim Benzema,57.9,France,1,1,Sports with a ball
43,gigihadid,Gigi Hadid,75.7,United States,1,2,Modeling
44,lelepons,Lele Pons,49.4,Mexico,1,2,Music
45,gal_gadot,Gal Gadot,86.7,United States,1,2,Cinema & Actors/actresses
46,ddlovato,Demi Lovato,139.5,United States,1,2,Music
47,lilireinhart,Lili Reinhart,25,Brazil,1,2,Cinema & Actors/actresses
48,robertdowneyjr,Robert Downey Jr. Official,53,India,1,2,Cinema & Actors/actresses
49,oohsehun,SEHUN,23,Indonesia,1,2,Music
50,natgeo,National Geographic,239,United States,1,2,Nature & landscapes
51,whinderssonnunes,Whindersson Nunes,58,Brazil,2,3,Humor & Fun & Happiness
52,priyankachopra,Priyanka,82,India,4,4,Cinema & Actors/actresses
53,vindiesel,Vin Diesel,82,Brazil,3,4,Cinema & Actors/actresses
54,marcelotwelve,Marcelo Vieira,58,Spain,1,2,Sports with a ball
55,tchalamet,Timothe?e Chalamet,18,United States,1,2,Cinema & Actors/actresses
56,iamsrk,Shah Rukh Khan,30,India,1,2,Cinema & Actors/actresses
57,championsleague,UEFA Champions League,98,Brazil,2,3,Sports with a ball
58,twicetagram,TWICE,26,Indonesia,1,1,Music
59,kritisanon,Kriti,50,India,1,2,Modeling
60,rashmika_mandanna,Rashmika Mandanna,33,India,1,2,Beauty
61,hoooooyeony,Hoyeon,22,South Korea,1,2,Lifestyle
62,zefelipecantor,Ze?,25,Brazil,1,2,Music
63,lucas_xx444,LUCAS,11,Indonesia,2,3,Art/Artists
64,addisonraee,Addison Rae,39,United States,1,1,Beauty
65,jacksonwang852g7,Jackson Wang,30,China,1,2,Music
66,madelame,Madelaine Petsch,13,Russia,1,2,Cinema & Actors/actresses
67,alluarjunonline,Allu Arjun,24,India,1,2,Cinema & Actors/actresses
68,vancityreynolds,Ryan Reynolds,45.3,United States,1,1,Cinema & Actors/actresses
69,pewdiepie,PewDiePie,21,United States,1,1,Computers & Gadgets
70,kartikaaryan,KARTIK AARYAN,26,India,1,2,Cinema & Actors/actresses
71,henrycavill,Henry Cavill,21,Brazil,1,1,Cinema & Actors/actresses
72,hardikpandya93,Hardik Himanshu Pandya,23,India,1,2,Sports with a ball
73,davidbeckham,David Beckham,75,United States,2,3,Family
74,sydney_sweeney,Sydney Sweeney,14,United States,2,2,Lifestyle
75,sergioramos,Sergio Ramos,53,Spain,3,4,Sports with a ball
76,cznburak,Burak OZDEMIR,41,Turkey,3,4,Food & Cooking
77,m10_official,Mesut Ozil,24,Turkey,3,4,Sports with a ball
78,burakozcivit,Burak Ozcivit,22,Turkey,4,5,Cinema & Actors/actresses
79,neslihanatagul,Neslihan Atagul,13,Turkey,6,7,Cinema & Actors/actresses
80,demetozdemir,Demet Ozdemir,15,Turkey,4,5,Cinema & Actors/actresses
81,evcenf,Fahriye Evcen Ozcivit,13,Turkey,4,5,Lifestyle
82,nusr_et,Nusr_et Saltbae,48,Turkey,9,9,Food & Cooking
83,parishilton,Paris Hilton,20,United States,1,2,Modeling
84,hadise,Hadise,13,Turkey,2,2,Music
85,oprah,Oprah,21,United States,2,1,Art/Artists
86,eduincaz,Eduin Caz,7,Mexico,1,1,Lifestyle
87,danielricciardo,Daniel Ricciardo,7,United States,1,1,Racing Sports
88,realcoleworld,Cole World,7,United States,1,1,Music
90,nancyajram,Nancy Ajram,33.2,Lebabon,1,1,Music
91,enriqueiglesias,Enrique Iglesias,18,Spain,1,1,Music
92,rafakalimann,Rafa Kalimann,21,Brazil,1,1,Modeling
93,tarkan,Tarkan,6,Turkey,1,1,Music
94,snoopdogg,snoopdogg,76,United States,1,1,Lifestyle
95,galatasaray,Galatasaray,11,Turkey,1,1,Sports with a ball
96,burnaboygram,Burna Boy,11,Nigeria,1,1,Art/Artists
97,reynmen,reyn,6,Turkey,1,1,Music
98,dilanpolat,Dilan polat,4,Turkey,2,3,Beauty
99,demetakal?n,DEMET AKALIN,8,Turkey,1,2,Music
100,serenayss,Serenay sarikaya,9,Turkey,2,3,Cinema & Actors/actresses
